dataset,dx,mean,std,roi
ADNI1,control_alzheimer,2.7199900992465973,0.8888418692210658,Left bankssts
ADNI1,control_alzheimer,2.356714473796796,0.9844034910398924,Left caudalanteriorcingulate
ADNI1,control_alzheimer,2.697880412670535,0.8991607649972305,Left caudalmiddlefrontal
ADNI1,control_alzheimer,1.8146760893028202,0.8925967592785867,Left cuneus
ADNI1,control_alzheimer,3.6057328503372315,0.728760977594463,Left entorhinal
ADNI1,control_alzheimer,2.9620655539711485,0.8097997848525337,Left fusiform
ADNI1,control_alzheimer,2.634768046686427,0.908193943463367,Left inferiorparietal
ADNI1,control_alzheimer,3.070262045174029,0.6629997328735772,Left inferiortemporal
ADNI1,control_alzheimer,2.3060820394332726,0.91196903524187,Left isthmuscingulate
ADNI1,control_alzheimer,2.1992416967920128,0.8718632462851157,Left lateraloccipital
ADNI1,control_alzheimer,2.738086329579186,0.9099262933113828,Left lateralorbitofrontal
ADNI1,control_alzheimer,2.019353636572139,0.837480092138878,Left lingual
ADNI1,control_alzheimer,2.593502408818617,0.7827190593742727,Left medialorbitofrontal
ADNI1,control_alzheimer,3.1430018168201954,0.6949881226798498,Left middletemporal
ADNI1,control_alzheimer,3.0630589074574317,0.9975464569084426,Left parahippocampal
ADNI1,control_alzheimer,2.371854511060712,0.9518570796152405,Left paracentral
ADNI1,control_alzheimer,2.568616190164676,1.0019663024659886,Left parsopercularis
ADNI1,control_alzheimer,2.765459095381588,0.8912712971982442,Left parsorbitalis
ADNI1,control_alzheimer,2.503445547723202,1.0014333823661143,Left parstriangularis
ADNI1,control_alzheimer,1.6006175922309032,0.7295114976510966,Left pericalcarine
ADNI1,control_alzheimer,2.0999280315619187,1.0763167862504237,Left postcentral
ADNI1,control_alzheimer,2.389226537366191,0.9315794223292967,Left posteriorcingulate
ADNI1,control_alzheimer,2.4779339058409784,0.96122147212837,Left precentral
ADNI1,control_alzheimer,2.544246116343945,0.8960708082005017,Left precuneus
ADNI1,control_alzheimer,2.7077456461438767,0.8622916504488767,Left rostralanteriorcingulate
ADNI1,control_alzheimer,2.5764498481294984,0.8563385240348732,Left rostralmiddlefrontal
ADNI1,control_alzheimer,2.807073155637513,0.8181809327312648,Left superiorfrontal
ADNI1,control_alzheimer,2.3504119563692036,0.9433973767127373,Left superiorparietal
ADNI1,control_alzheimer,2.9531926000655138,0.8079742267000287,Left superiortemporal
ADNI1,control_alzheimer,2.712377143097778,0.9281383016528086,Left supramarginal
ADNI1,control_alzheimer,2.7343865386789132,0.899393198404908,Left frontalpole
ADNI1,control_alzheimer,3.697594941844006,0.7479928597623473,Left temporalpole
ADNI1,control_alzheimer,2.3492369409717337,1.0076063309806018,Left transversetemporal
ADNI1,control_alzheimer,2.9958824587353177,0.7698910249034505,Left insula
ADNI1,control_alzheimer,2.7344702434840777,0.9077382015841969,Right bankssts
ADNI1,control_alzheimer,2.259802628930406,0.9628137943280132,Right caudalanteriorcingulate
ADNI1,control_alzheimer,2.691425780397213,0.9286854859898722,Right caudalmiddlefrontal
ADNI1,control_alzheimer,1.904324480411566,0.864755778378281,Right cuneus
ADNI1,control_alzheimer,3.645179443441152,0.7182985072675007,Right entorhinal
ADNI1,control_alzheimer,3.0177683590118463,0.8118244417184738,Right fusiform
ADNI1,control_alzheimer,2.72419477690567,0.820146667131607,Right inferiorparietal
ADNI1,control_alzheimer,3.030827535019739,0.7689105392268686,Right inferiortemporal
ADNI1,control_alzheimer,2.3383889465514103,0.8888603550935924,Right isthmuscingulate
ADNI1,control_alzheimer,2.29856291752239,0.8306071648431419,Right lateraloccipital
ADNI1,control_alzheimer,2.7134057796175712,0.8044067679766077,Right lateralorbitofrontal
ADNI1,control_alzheimer,2.051390388019364,0.7837383518967721,Right lingual
ADNI1,control_alzheimer,2.6020473406417644,0.8020716967608224,Right medialorbitofrontal
ADNI1,control_alzheimer,3.1164908292248836,0.8134348352831503,Right middletemporal
ADNI1,control_alzheimer,2.8848497865125835,0.8704304754378575,Right parahippocampal
ADNI1,control_alzheimer,2.358499323057644,0.9255831186219143,Right paracentral
ADNI1,control_alzheimer,2.600893218538567,0.9767678320708788,Right parsopercularis
ADNI1,control_alzheimer,2.7209676581958115,0.9214137542842553,Right parsorbitalis
ADNI1,control_alzheimer,2.505204419013189,0.9103053204350513,Right parstriangularis
ADNI1,control_alzheimer,1.586226150398177,0.630090542634877,Right pericalcarine
ADNI1,control_alzheimer,2.0961042227359163,1.0220851571194698,Right postcentral
ADNI1,control_alzheimer,2.4480723837172804,0.9134986050385342,Right posteriorcingulate
ADNI1,control_alzheimer,2.4455734686044064,0.947621933893278,Right precentral
ADNI1,control_alzheimer,2.585699335039949,0.8753144068920911,Right precuneus
ADNI1,control_alzheimer,2.6706842676651306,0.8912648765377124,Right rostralanteriorcingulate
ADNI1,control_alzheimer,2.5659877950013112,0.8725773634401944,Right rostralmiddlefrontal
ADNI1,control_alzheimer,2.855525194500662,0.8735695295268725,Right superiorfrontal
ADNI1,control_alzheimer,2.3468648985351828,0.9070338074079107,Right superiorparietal
ADNI1,control_alzheimer,2.9758995470661187,0.8995804467623462,Right superiortemporal
ADNI1,control_alzheimer,2.671893060429201,0.8892822832132605,Right supramarginal
ADNI1,control_alzheimer,2.7287705691166497,0.8076791048752527,Right frontalpole
ADNI1,control_alzheimer,3.813111488236097,0.7686289676059919,Right temporalpole
ADNI1,control_alzheimer,2.298090045122147,1.0170501423822766,Right transversetemporal
ADNI1,control_alzheimer,3.0339736759872395,0.8058874744302881,Right insula
ADNI1,alzheimer,2.0820281593084498,1.0806070972343085,Left bankssts
ADNI1,alzheimer,2.362312654524824,1.1249320845170878,Left caudalanteriorcingulate
ADNI1,alzheimer,2.157030754976103,1.0091242541881607,Left caudalmiddlefrontal
ADNI1,alzheimer,1.7755943110084194,0.9684623975273767,Left cuneus
ADNI1,alzheimer,2.6680712039875916,1.1014759241708858,Left entorhinal
ADNI1,alzheimer,2.296416855609458,1.0766517477415714,Left fusiform
ADNI1,alzheimer,2.023702542458491,1.1588455447895427,Left inferiorparietal
ADNI1,alzheimer,2.3451625643216563,1.0305746502118842,Left inferiortemporal
ADNI1,alzheimer,2.031418194740217,0.9831241234011838,Left isthmuscingulate
ADNI1,alzheimer,1.9694591718767473,0.9461479293523257,Left lateraloccipital
ADNI1,alzheimer,2.3867254546535004,1.0229373694311772,Left lateralorbitofrontal
ADNI1,alzheimer,1.8133532879411507,0.8687705995793027,Left lingual
ADNI1,alzheimer,2.156017064362745,0.9667192264051777,Left medialorbitofrontal
ADNI1,alzheimer,2.290752546476843,1.075107424691327,Left middletemporal
ADNI1,alzheimer,2.31175546631062,1.1014516433945551,Left parahippocampal
ADNI1,alzheimer,2.090859768257949,0.9973063016464004,Left paracentral
ADNI1,alzheimer,2.2881542172964706,1.0299705121735192,Left parsopercularis
ADNI1,alzheimer,2.389118276866194,1.0099653129097719,Left parsorbitalis
ADNI1,alzheimer,2.1620136766978044,1.0122539707795324,Left parstriangularis
ADNI1,alzheimer,1.536452420650512,0.7514286680411576,Left pericalcarine
ADNI1,alzheimer,1.8452664290794973,0.9670002924137785,Left postcentral
ADNI1,alzheimer,2.1605258948804003,1.0135893857451084,Left posteriorcingulate
ADNI1,alzheimer,2.170956359525653,0.9872803708205735,Left precentral
ADNI1,alzheimer,1.9883214238107274,1.0736608779381687,Left precuneus
ADNI1,alzheimer,2.474729675602837,1.013062776239568,Left rostralanteriorcingulate
ADNI1,alzheimer,2.044962571923018,1.0001099163831315,Left rostralmiddlefrontal
ADNI1,alzheimer,2.296167665796178,0.9392570649411675,Left superiorfrontal
ADNI1,alzheimer,1.9014268093760132,1.1340299584858948,Left superiorparietal
ADNI1,alzheimer,2.2562901930591037,1.0852076467137624,Left superiortemporal
ADNI1,alzheimer,2.1005244032248296,1.0835567050270958,Left supramarginal
ADNI1,alzheimer,2.528191737324573,0.9078161950042092,Left frontalpole
ADNI1,alzheimer,3.175519713561391,1.0391668978782458,Left temporalpole
ADNI1,alzheimer,2.0831369120134204,1.0991035482904712,Left transversetemporal
ADNI1,alzheimer,2.5937271239853312,0.9691793878121893,Left insula
ADNI1,alzheimer,2.208742798886464,1.0954297250793108,Right bankssts
ADNI1,alzheimer,2.2561846723720107,1.0488127943293915,Right caudalanteriorcingulate
ADNI1,alzheimer,2.1224447384304304,1.0094231955941284,Right caudalmiddlefrontal
ADNI1,alzheimer,1.7748133013960472,0.8911650663725349,Right cuneus
ADNI1,alzheimer,2.7426897669004235,1.1214932023350306,Right entorhinal
ADNI1,alzheimer,2.2996916904902207,1.067963350971245,Right fusiform
ADNI1,alzheimer,2.017251431978752,1.0770813261927632,Right inferiorparietal
ADNI1,alzheimer,2.395531026298469,1.0714609448486792,Right inferiortemporal
ADNI1,alzheimer,2.027092404063143,0.9917505115652477,Right isthmuscingulate
ADNI1,alzheimer,1.9945507440380315,0.9414505911517125,Right lateraloccipital
ADNI1,alzheimer,2.35375721077547,0.9542107920176753,Right lateralorbitofrontal
ADNI1,alzheimer,1.8250059051320275,0.8847690975369671,Right lingual
ADNI1,alzheimer,2.1764297054075143,0.9740235744991611,Right medialorbitofrontal
ADNI1,alzheimer,2.347902023979925,1.0656159005768104,Right middletemporal
ADNI1,alzheimer,2.299455188072863,1.0968313417412792,Right parahippocampal
ADNI1,alzheimer,2.114250152064676,0.9433604593326802,Right paracentral
ADNI1,alzheimer,2.2656639342322893,1.0422595922369433,Right parsopercularis
ADNI1,alzheimer,2.3946899347579746,1.0335540975300452,Right parsorbitalis
ADNI1,alzheimer,2.152637430708656,1.0094364614119826,Right parstriangularis
ADNI1,alzheimer,1.54857162769249,0.7220712210218352,Right pericalcarine
ADNI1,alzheimer,1.8231780788817373,0.9138602472426837,Right postcentral
ADNI1,alzheimer,2.15649079055793,1.0156330250564745,Right posteriorcingulate
ADNI1,alzheimer,2.1344667683882883,0.949701174768674,Right precentral
ADNI1,alzheimer,1.9964735695635245,1.0285009018865678,Right precuneus
ADNI1,alzheimer,2.563188833095648,0.9333470774180648,Right rostralanteriorcingulate
ADNI1,alzheimer,2.0366842552981788,0.9798951451512677,Right rostralmiddlefrontal
ADNI1,alzheimer,2.2675800149056045,0.9544777197822016,Right superiorfrontal
ADNI1,alzheimer,1.8852383990597354,1.1108765301200971,Right superiorparietal
ADNI1,alzheimer,2.277431324325039,1.0467770789057873,Right superiortemporal
ADNI1,alzheimer,2.126168137061649,1.060280317404166,Right supramarginal
ADNI1,alzheimer,2.523696941083111,0.9038440657142073,Right frontalpole
ADNI1,alzheimer,3.1955284886870317,0.9900701615824158,Right temporalpole
ADNI1,alzheimer,2.133865205110755,1.0898966757118378,Right transversetemporal
ADNI1,alzheimer,2.570140438744737,0.9805526820112949,Right insula
ADNI2,control_alzheimer,2.47753413011243,0.6675065062977388,Left bankssts
ADNI2,control_alzheimer,2.364712276965014,0.9331429332085621,Left caudalanteriorcingulate
ADNI2,control_alzheimer,2.491284266551301,0.6898315296670214,Left caudalmiddlefrontal
ADNI2,control_alzheimer,1.6855608837685758,0.974630100097632,Left cuneus
ADNI2,control_alzheimer,3.4568736568865157,0.6070218782592565,Left entorhinal
ADNI2,control_alzheimer,2.7554161418893792,0.7293028512677631,Left fusiform
ADNI2,control_alzheimer,2.4202648086919933,0.7355259894592513,Left inferiorparietal
ADNI2,control_alzheimer,2.7835320419396066,0.7249809821026594,Left inferiortemporal
ADNI2,control_alzheimer,2.3791846055182093,0.9161835868541619,Left isthmuscingulate
ADNI2,control_alzheimer,2.0761394447341543,0.8926371776491139,Left lateraloccipital
ADNI2,control_alzheimer,2.6788232793046656,0.7542623247785446,Left lateralorbitofrontal
ADNI2,control_alzheimer,1.8599254417683042,0.9414957851442336,Left lingual
ADNI2,control_alzheimer,2.4649942771404634,0.7157208636318336,Left medialorbitofrontal
ADNI2,control_alzheimer,2.8544528725781833,0.6836450655905741,Left middletemporal
ADNI2,control_alzheimer,2.7457682146692775,0.9700738955535864,Left parahippocampal
ADNI2,control_alzheimer,2.249274265658346,0.8109514870010075,Left paracentral
ADNI2,control_alzheimer,2.5370567524429783,0.7823150351494453,Left parsopercularis
ADNI2,control_alzheimer,2.6106757554570157,0.9125833008407721,Left parsorbitalis
ADNI2,control_alzheimer,2.319795118399818,0.8143573758073911,Left parstriangularis
ADNI2,control_alzheimer,1.4355983905571665,0.930069406772982,Left pericalcarine
ADNI2,control_alzheimer,1.9326109355520649,0.8811812867926607,Left postcentral
ADNI2,control_alzheimer,2.356660657615095,0.8989405914192984,Left posteriorcingulate
ADNI2,control_alzheimer,2.421005010825227,0.7236786699835663,Left precentral
ADNI2,control_alzheimer,2.3698007099058334,0.7554409347947694,Left precuneus
ADNI2,control_alzheimer,2.5252897287345295,0.859144677856026,Left rostralanteriorcingulate
ADNI2,control_alzheimer,2.2837805082105502,0.8074664591351399,Left rostralmiddlefrontal
ADNI2,control_alzheimer,2.59558775859867,0.706839433129774,Left superiorfrontal
ADNI2,control_alzheimer,2.0929826431500285,0.7804627431659689,Left superiorparietal
ADNI2,control_alzheimer,2.7870639072700003,0.7953062668929715,Left superiortemporal
ADNI2,control_alzheimer,2.527549089677614,0.7059304656551328,Left supramarginal
ADNI2,control_alzheimer,2.511943337993497,0.7556071519483925,Left frontalpole
ADNI2,control_alzheimer,3.6574923395300156,0.8032367239170553,Left temporalpole
ADNI2,control_alzheimer,2.2720146078030474,0.9151976157227146,Left transversetemporal
ADNI2,control_alzheimer,2.8438559413511855,0.8160198661265904,Left insula
ADNI2,control_alzheimer,2.538856941023259,0.7156060745900581,Right bankssts
ADNI2,control_alzheimer,2.2029497865356538,0.8808259758578926,Right caudalanteriorcingulate
ADNI2,control_alzheimer,2.4187690447315306,0.7691071091720311,Right caudalmiddlefrontal
ADNI2,control_alzheimer,1.7244514369786923,1.0005221152700041,Right cuneus
ADNI2,control_alzheimer,3.434118722433952,0.8271706897207425,Right entorhinal
ADNI2,control_alzheimer,2.735807558908025,0.7630049746018095,Right fusiform
ADNI2,control_alzheimer,2.3838320457972637,0.7257174363626574,Right inferiorparietal
ADNI2,control_alzheimer,2.869733364174248,0.7576076778381028,Right inferiortemporal
ADNI2,control_alzheimer,2.225470861375028,0.9760259579544768,Right isthmuscingulate
ADNI2,control_alzheimer,2.0934397274096903,0.8975248373946861,Right lateraloccipital
ADNI2,control_alzheimer,2.5911550732040074,0.8654343931029371,Right lateralorbitofrontal
ADNI2,control_alzheimer,1.9078705930628874,0.9963308574745041,Right lingual
ADNI2,control_alzheimer,2.3175075568624317,0.6893795597573469,Right medialorbitofrontal
ADNI2,control_alzheimer,2.8817333112166463,0.7020928035007677,Right middletemporal
ADNI2,control_alzheimer,2.643596156175149,0.8728493438627266,Right parahippocampal
ADNI2,control_alzheimer,2.289883520125809,0.7620713143562489,Right paracentral
ADNI2,control_alzheimer,2.507330783170529,0.7473170501821581,Right parsopercularis
ADNI2,control_alzheimer,2.6861473179545508,0.9206680657342617,Right parsorbitalis
ADNI2,control_alzheimer,2.3553977099283405,0.8296646016884396,Right parstriangularis
ADNI2,control_alzheimer,1.5347821986599823,0.8879458555689017,Right pericalcarine
ADNI2,control_alzheimer,2.0179912523168437,0.8912994400798241,Right postcentral
ADNI2,control_alzheimer,2.254544107842222,0.95375164612566,Right posteriorcingulate
ADNI2,control_alzheimer,2.3429571313280584,0.8095569565397198,Right precentral
ADNI2,control_alzheimer,2.3632145789608234,0.849529994109595,Right precuneus
ADNI2,control_alzheimer,2.6127476311517985,0.905810987267851,Right rostralanteriorcingulate
ADNI2,control_alzheimer,2.2277726346015214,0.8212258035977449,Right rostralmiddlefrontal
ADNI2,control_alzheimer,2.5548332878722673,0.7237744130332168,Right superiorfrontal
ADNI2,control_alzheimer,2.0989463390090006,0.8533941972316887,Right superiorparietal
ADNI2,control_alzheimer,2.7940660365607908,0.8776025132637524,Right superiortemporal
ADNI2,control_alzheimer,2.3995370671424188,0.7385983801775541,Right supramarginal
ADNI2,control_alzheimer,2.4091936910577862,0.8855005546130615,Right frontalpole
ADNI2,control_alzheimer,3.766623917224095,0.8137167141602157,Right temporalpole
ADNI2,control_alzheimer,2.184197214579524,0.8759414509371823,Right transversetemporal
ADNI2,control_alzheimer,2.8960546761116017,0.821677082928124,Right insula
ADNI2,alzheimer,2.200818703235504,0.8014287545278103,Left bankssts
ADNI2,alzheimer,2.3595676759021083,0.9951905748109181,Left caudalanteriorcingulate
ADNI2,alzheimer,2.2580363457550203,0.7602086031770002,Left caudalmiddlefrontal
ADNI2,alzheimer,1.816021539847503,1.0158561286370322,Left cuneus
ADNI2,alzheimer,2.782434412490772,1.1034817979903138,Left entorhinal
ADNI2,alzheimer,2.40690293697327,0.8811725104878654,Left fusiform
ADNI2,alzheimer,2.1323390257333616,0.8583458736039118,Left inferiorparietal
ADNI2,alzheimer,2.4833999629534995,0.9404096180248541,Left inferiortemporal
ADNI2,alzheimer,2.031052214116332,1.0012176722220043,Left isthmuscingulate
ADNI2,alzheimer,2.0226221993201206,0.8640960510686923,Left lateraloccipital
ADNI2,alzheimer,2.430581349165487,0.8262724979622946,Left lateralorbitofrontal
ADNI2,alzheimer,1.8752416521634843,0.9764853017631495,Left lingual
ADNI2,alzheimer,2.2265144722209995,0.7749970811838731,Left medialorbitofrontal
ADNI2,alzheimer,2.4391755502476893,0.8719144354095506,Left middletemporal
ADNI2,alzheimer,2.460845255527238,0.9127723882970012,Left parahippocampal
ADNI2,alzheimer,2.1477453759388863,0.8163512876223654,Left paracentral
ADNI2,alzheimer,2.318598962494753,0.7298315736564,Left parsopercularis
ADNI2,alzheimer,2.4625992272003825,0.867329776132241,Left parsorbitalis
ADNI2,alzheimer,2.2412233821291254,0.7921948548543467,Left parstriangularis
ADNI2,alzheimer,1.5891992124499228,0.9818216399312971,Left pericalcarine
ADNI2,alzheimer,1.9131326586391277,0.828927987550342,Left postcentral
ADNI2,alzheimer,2.187339677079098,0.9240837240218083,Left posteriorcingulate
ADNI2,alzheimer,2.210767441259327,0.7807531021076187,Left precentral
ADNI2,alzheimer,2.081142934656012,0.9226454290975616,Left precuneus
ADNI2,alzheimer,2.545364470539987,0.8969754000553876,Left rostralanteriorcingulate
ADNI2,alzheimer,2.1702364291260556,0.8388793975793419,Left rostralmiddlefrontal
ADNI2,alzheimer,2.396316187315629,0.8014491837669263,Left superiorfrontal
ADNI2,alzheimer,2.0102081712600657,0.9118978149586707,Left superiorparietal
ADNI2,alzheimer,2.357388172179977,0.9149041819667291,Left superiortemporal
ADNI2,alzheimer,2.200601442128822,0.8099792289636538,Left supramarginal
ADNI2,alzheimer,2.60838924286698,0.9179781040842466,Left frontalpole
ADNI2,alzheimer,3.226771552950573,0.9072964367406656,Left temporalpole
ADNI2,alzheimer,2.1257282805742563,0.8618005030510549,Left transversetemporal
ADNI2,alzheimer,2.6683523714299997,0.7823570045047495,Left insula
ADNI2,alzheimer,2.3054091963452445,0.8197005193164257,Right bankssts
ADNI2,alzheimer,2.2729514500233026,0.9433484714226924,Right caudalanteriorcingulate
ADNI2,alzheimer,2.2447503312734125,0.7870376202417142,Right caudalmiddlefrontal
ADNI2,alzheimer,1.836832754675005,1.010980961048084,Right cuneus
ADNI2,alzheimer,2.872439231447622,1.0994426178098262,Right entorhinal
ADNI2,alzheimer,2.4360089932016753,0.8862974134230682,Right fusiform
ADNI2,alzheimer,2.1696791456466906,0.8575653382579985,Right inferiorparietal
ADNI2,alzheimer,2.490490393465111,0.880860553053851,Right inferiortemporal
ADNI2,alzheimer,2.083483178108273,0.9423890813972542,Right isthmuscingulate
ADNI2,alzheimer,2.077148983781452,0.8767372891345797,Right lateraloccipital
ADNI2,alzheimer,2.4165238709772976,0.9075604481550715,Right lateralorbitofrontal
ADNI2,alzheimer,1.883824197875463,0.9360320070205999,Right lingual
ADNI2,alzheimer,2.2913082149529704,0.8542303045001255,Right medialorbitofrontal
ADNI2,alzheimer,2.474360612212293,0.8587755414719418,Right middletemporal
ADNI2,alzheimer,2.4138895934078617,0.9372658183736092,Right parahippocampal
ADNI2,alzheimer,2.1526865213329915,0.8346819890322854,Right paracentral
ADNI2,alzheimer,2.3182606383730127,0.8432651696275116,Right parsopercularis
ADNI2,alzheimer,2.4295546999700264,0.9198550584656322,Right parsorbitalis
ADNI2,alzheimer,2.22286113715951,0.8255799445347545,Right parstriangularis
ADNI2,alzheimer,1.5663475694463513,0.9876992153105708,Right pericalcarine
ADNI2,alzheimer,1.8665543575931545,0.8806862191673813,Right postcentral
ADNI2,alzheimer,2.2347803078546384,0.8700666681364806,Right posteriorcingulate
ADNI2,alzheimer,2.1878444664158727,0.8106982771280252,Right precentral
ADNI2,alzheimer,2.1057549423880477,0.9073917373970196,Right precuneus
ADNI2,alzheimer,2.58816027272322,0.8868972685956042,Right rostralanteriorcingulate
ADNI2,alzheimer,2.1750059666935067,0.8593502782548872,Right rostralmiddlefrontal
ADNI2,alzheimer,2.3994534954257856,0.809301340643532,Right superiorfrontal
ADNI2,alzheimer,1.9922187965854319,0.9180786668576354,Right superiorparietal
ADNI2,alzheimer,2.3832036987887117,0.8915037845826738,Right superiortemporal
ADNI2,alzheimer,2.2466185869944213,0.8148123628272133,Right supramarginal
ADNI2,alzheimer,2.6319927956176263,0.9529948435737959,Right frontalpole
ADNI2,alzheimer,3.2558993044548408,0.8955404391619747,Right temporalpole
ADNI2,alzheimer,2.1793661357041287,0.899234514463718,Right transversetemporal
ADNI2,alzheimer,2.6453639666250104,0.8416186692803785,Right insula
ADNI3,control_alzheimer,2.436600968252869,0.6911705368401844,Left bankssts
ADNI3,control_alzheimer,2.4973621793721277,0.8669254380329376,Left caudalanteriorcingulate
ADNI3,control_alzheimer,2.4695200321657196,0.6669644519113871,Left caudalmiddlefrontal
ADNI3,control_alzheimer,1.773099896335712,1.0369349599163633,Left cuneus
ADNI3,control_alzheimer,3.453772108897735,0.7541768094369011,Left entorhinal
ADNI3,control_alzheimer,2.6443573548053405,0.6944884918666806,Left fusiform
ADNI3,control_alzheimer,2.3964208693536064,0.6804977878851852,Left inferiorparietal
ADNI3,control_alzheimer,2.8061669602724915,0.683347320985797,Left inferiortemporal
ADNI3,control_alzheimer,2.466039893481029,0.7681685249253124,Left isthmuscingulate
ADNI3,control_alzheimer,2.062960905966542,0.8976246256690585,Left lateraloccipital
ADNI3,control_alzheimer,2.6071498922967797,0.6575244910524898,Left lateralorbitofrontal
ADNI3,control_alzheimer,2.008202991628233,0.963218155739593,Left lingual
ADNI3,control_alzheimer,2.477037573375142,0.7969114823385782,Left medialorbitofrontal
ADNI3,control_alzheimer,2.8129420369665286,0.6991701770357464,Left middletemporal
ADNI3,control_alzheimer,2.7922610367857095,0.8212932100190053,Left parahippocampal
ADNI3,control_alzheimer,2.185044406460595,0.800957725973888,Left paracentral
ADNI3,control_alzheimer,2.4853349290775437,0.6625609166676433,Left parsopercularis
ADNI3,control_alzheimer,2.5422997565101797,0.8124975002999667,Left parsorbitalis
ADNI3,control_alzheimer,2.322031457911357,0.8262018593126562,Left parstriangularis
ADNI3,control_alzheimer,1.4835284486792968,1.0944365573771269,Left pericalcarine
ADNI3,control_alzheimer,2.0127042160847948,0.9470340966939389,Left postcentral
ADNI3,control_alzheimer,2.49861142575211,0.7202374539610257,Left posteriorcingulate
ADNI3,control_alzheimer,2.3180176295425534,0.8032982462898108,Left precentral
ADNI3,control_alzheimer,2.351823524583629,0.7731309857347591,Left precuneus
ADNI3,control_alzheimer,2.7430303523578634,0.7234754807494497,Left rostralanteriorcingulate
ADNI3,control_alzheimer,2.3067905436474536,0.6999893783540734,Left rostralmiddlefrontal
ADNI3,control_alzheimer,2.5731876117548302,0.7092020675820748,Left superiorfrontal
ADNI3,control_alzheimer,2.1838262643076702,0.8555865091962065,Left superiorparietal
ADNI3,control_alzheimer,2.7249138362847583,0.7591271164867474,Left superiortemporal
ADNI3,control_alzheimer,2.430975383195957,0.6782123624442451,Left supramarginal
ADNI3,control_alzheimer,2.617118757564395,0.9486837728553684,Left frontalpole
ADNI3,control_alzheimer,3.541708099949693,0.6535505622521757,Left temporalpole
ADNI3,control_alzheimer,2.2252223789078425,0.8589607563613182,Left transversetemporal
ADNI3,control_alzheimer,2.979526873688298,0.6777633643224887,Left insula
ADNI3,control_alzheimer,2.6127532338157775,0.7309138438056818,Right bankssts
ADNI3,control_alzheimer,2.3783545893455877,0.8002505391271428,Right caudalanteriorcingulate
ADNI3,control_alzheimer,2.4051182187866225,0.7099894747704102,Right caudalmiddlefrontal
ADNI3,control_alzheimer,1.8515289687033138,1.0107168860525575,Right cuneus
ADNI3,control_alzheimer,3.4429992151456315,0.7060100073586993,Right entorhinal
ADNI3,control_alzheimer,2.6943716738333165,0.74606149994463,Right fusiform
ADNI3,control_alzheimer,2.4485160605656544,0.6512231543456354,Right inferiorparietal
ADNI3,control_alzheimer,2.771404803759877,0.6735545437900674,Right inferiortemporal
ADNI3,control_alzheimer,2.488980776182864,0.9346423150096258,Right isthmuscingulate
ADNI3,control_alzheimer,2.091198981643256,0.800204052569825,Right lateraloccipital
ADNI3,control_alzheimer,2.4784116214567415,0.8562524648141268,Right lateralorbitofrontal
ADNI3,control_alzheimer,1.988992754703257,0.9617205285992222,Right lingual
ADNI3,control_alzheimer,2.3600195956611136,0.9343103344413468,Right medialorbitofrontal
ADNI3,control_alzheimer,2.82700502268094,0.6638056847746692,Right middletemporal
ADNI3,control_alzheimer,2.6837537060024754,0.7403216590123989,Right parahippocampal
ADNI3,control_alzheimer,2.2400128892148103,0.8225681074788221,Right paracentral
ADNI3,control_alzheimer,2.4493333371382477,0.6313861947358462,Right parsopercularis
ADNI3,control_alzheimer,2.4691671405387,0.7880389113895052,Right parsorbitalis
ADNI3,control_alzheimer,2.1937173076791328,0.8487874235176672,Right parstriangularis
ADNI3,control_alzheimer,1.4973385512413016,1.0566132638451118,Right pericalcarine
ADNI3,control_alzheimer,2.0346186370539283,1.0421399155973596,Right postcentral
ADNI3,control_alzheimer,2.3879240883767308,0.7227663506901383,Right posteriorcingulate
ADNI3,control_alzheimer,2.30918952878066,0.9292088255017861,Right precentral
ADNI3,control_alzheimer,2.406844472594033,0.7335187253899956,Right precuneus
ADNI3,control_alzheimer,2.6807771619650693,0.7489170458167911,Right rostralanteriorcingulate
ADNI3,control_alzheimer,2.2173182577513617,0.8409787976935502,Right rostralmiddlefrontal
ADNI3,control_alzheimer,2.502603861826718,0.7405774682357328,Right superiorfrontal
ADNI3,control_alzheimer,2.148503948976345,0.8353825269752454,Right superiorparietal
ADNI3,control_alzheimer,2.7539994765252453,0.78940463088445,Right superiortemporal
ADNI3,control_alzheimer,2.5005773367395165,0.6870729218052257,Right supramarginal
ADNI3,control_alzheimer,2.600002407324049,0.9190329866049003,Right frontalpole
ADNI3,control_alzheimer,3.6211138849890925,0.7718320857233907,Right temporalpole
ADNI3,control_alzheimer,2.2591894244545387,0.8011445800237231,Right transversetemporal
ADNI3,control_alzheimer,2.9571889654882053,0.6422629721153836,Right insula
ADNI3,alzheimer,2.1561640667617015,0.8111119439900931,Left bankssts
ADNI3,alzheimer,2.2765700353707,0.9346020594151253,Left caudalanteriorcingulate
ADNI3,alzheimer,2.2125639165006383,0.7648435272710404,Left caudalmiddlefrontal
ADNI3,alzheimer,1.795054673197325,1.0740546178805204,Left cuneus
ADNI3,alzheimer,2.614084103861664,1.0809993627691095,Left entorhinal
ADNI3,alzheimer,2.387335814461735,0.981721223247692,Left fusiform
ADNI3,alzheimer,2.0743392603656248,0.888033398941421,Left inferiorparietal
ADNI3,alzheimer,2.3936994168976273,0.8700457107719356,Left inferiortemporal
ADNI3,alzheimer,1.8896611214522074,1.0199464634760909,Left isthmuscingulate
ADNI3,alzheimer,2.0172361388632094,1.107199836787999,Left lateraloccipital
ADNI3,alzheimer,2.412072652124837,0.7524952823881644,Left lateralorbitofrontal
ADNI3,alzheimer,1.7877958629363175,0.9964180371262563,Left lingual
ADNI3,alzheimer,2.158904239149482,0.8711654481094088,Left medialorbitofrontal
ADNI3,alzheimer,2.35991745247639,0.797848386964032,Left middletemporal
ADNI3,alzheimer,2.3602782826790847,0.9028011781792079,Left parahippocampal
ADNI3,alzheimer,2.161682595588897,0.7771145909995776,Left paracentral
ADNI3,alzheimer,2.295314097230201,0.801473557821901,Left parsopercularis
ADNI3,alzheimer,2.467344796419363,0.8740538057081312,Left parsorbitalis
ADNI3,alzheimer,2.2200253792857816,0.8387939314996634,Left parstriangularis
ADNI3,alzheimer,1.5984669055056766,1.1139426101269294,Left pericalcarine
ADNI3,alzheimer,1.8588901600141905,0.9706799872108705,Left postcentral
ADNI3,alzheimer,2.0571703970695885,0.9181178833281788,Left posteriorcingulate
ADNI3,alzheimer,2.221127033622679,0.7296532468448349,Left precentral
ADNI3,alzheimer,2.0193496186934805,0.9531899240280993,Left precuneus
ADNI3,alzheimer,2.416323487094715,0.9191849753710435,Left rostralanteriorcingulate
ADNI3,alzheimer,2.1274051119236717,0.8643167866093211,Left rostralmiddlefrontal
ADNI3,alzheimer,2.359812774756361,0.8820399619855686,Left superiorfrontal
ADNI3,alzheimer,1.9333720653564006,1.0489486824420462,Left superiorparietal
ADNI3,alzheimer,2.2871985196966813,0.9077197476887526,Left superiortemporal
ADNI3,alzheimer,2.1775484325697883,0.8089574272254828,Left supramarginal
ADNI3,alzheimer,2.567975231911291,1.0342428515388842,Left frontalpole
ADNI3,alzheimer,3.189362007514614,0.9247977257799218,Left temporalpole
ADNI3,alzheimer,2.117612979320806,0.8405258147900152,Left transversetemporal
ADNI3,alzheimer,2.540490505456173,0.8660566090078402,Left insula
ADNI3,alzheimer,2.200973276592991,0.7478928441880305,Right bankssts
ADNI3,alzheimer,2.1825937650714797,0.8814229468578181,Right caudalanteriorcingulate
ADNI3,alzheimer,2.2092390747843726,0.6974410773664454,Right caudalmiddlefrontal
ADNI3,alzheimer,1.7869588135259862,1.00596636652786,Right cuneus
ADNI3,alzheimer,2.725161248425001,1.0595787014694686,Right entorhinal
ADNI3,alzheimer,2.3858534443452384,0.8908660801428325,Right fusiform
ADNI3,alzheimer,2.0757917850090006,0.8717038131318491,Right inferiorparietal
ADNI3,alzheimer,2.455321326541229,0.8430475185220955,Right inferiortemporal
ADNI3,alzheimer,1.8853442098381274,0.9999891878996093,Right isthmuscingulate
ADNI3,alzheimer,2.074416806619763,1.0494315289153127,Right lateraloccipital
ADNI3,alzheimer,2.4418828267156862,0.9249085759161565,Right lateralorbitofrontal
ADNI3,alzheimer,1.8277957884619564,0.8727437984831282,Right lingual
ADNI3,alzheimer,2.25851059736951,0.8760771031747556,Right medialorbitofrontal
ADNI3,alzheimer,2.405247301401198,0.7823793735548684,Right middletemporal
ADNI3,alzheimer,2.3311611387656934,0.8819567170044404,Right parahippocampal
ADNI3,alzheimer,2.148777399922539,0.7876190370625453,Right paracentral
ADNI3,alzheimer,2.3062556028697307,0.6503823730226351,Right parsopercularis
ADNI3,alzheimer,2.498416929461963,0.8712425714101304,Right parsorbitalis
ADNI3,alzheimer,2.288994098339647,0.8545225574063778,Right parstriangularis
ADNI3,alzheimer,1.5973840511133777,1.0962396785624324,Right pericalcarine
ADNI3,alzheimer,1.8180806207000078,1.0973686838659475,Right postcentral
ADNI3,alzheimer,2.1476509206557077,0.7952493185182999,Right posteriorcingulate
ADNI3,alzheimer,2.1694989642748848,0.847097545920083,Right precentral
ADNI3,alzheimer,2.0138934386660776,0.8591893303928488,Right precuneus
ADNI3,alzheimer,2.540043156571682,0.8768479938478055,Right rostralanteriorcingulate
ADNI3,alzheimer,2.1681221843529066,0.9049878385860904,Right rostralmiddlefrontal
ADNI3,alzheimer,2.39241048779979,0.7923550450397538,Right superiorfrontal
ADNI3,alzheimer,1.934765554424669,1.0112411457755004,Right superiorparietal
ADNI3,alzheimer,2.304170957871029,0.8553295912656355,Right superiortemporal
ADNI3,alzheimer,2.145797641319809,0.8156235972911,Right supramarginal
ADNI3,alzheimer,2.5707251519022587,1.0623723930041866,Right frontalpole
ADNI3,alzheimer,3.2165907581780306,0.8811053394677411,Right temporalpole
ADNI3,alzheimer,2.131964432226247,0.7991895056162657,Right transversetemporal
ADNI3,alzheimer,2.5444322294441717,0.8040919950808728,Right insula
ARWIBO,control_alzheimer,2.522864496639071,1.0664744332907339,Left bankssts
ARWIBO,control_alzheimer,2.409314493987654,0.9166614174865336,Left caudalanteriorcingulate
ARWIBO,control_alzheimer,2.4738518389420077,1.1413200271592816,Left caudalmiddlefrontal
ARWIBO,control_alzheimer,1.7113491681200248,0.9413405241859356,Left cuneus
ARWIBO,control_alzheimer,3.150849285091663,0.8641895417551135,Left entorhinal
ARWIBO,control_alzheimer,2.6799389286514974,1.001028648287401,Left fusiform
ARWIBO,control_alzheimer,2.4320720667307443,0.9292368349882493,Left inferiorparietal
ARWIBO,control_alzheimer,2.7455668213930466,1.0126953961956229,Left inferiortemporal
ARWIBO,control_alzheimer,2.253947949346656,0.8931155404854544,Left isthmuscingulate
ARWIBO,control_alzheimer,2.0853667157302676,1.0844418411814896,Left lateraloccipital
ARWIBO,control_alzheimer,2.7014693141276167,1.1175501444718,Left lateralorbitofrontal
ARWIBO,control_alzheimer,1.7897027294076058,1.0582388534119058,Left lingual
ARWIBO,control_alzheimer,2.3694971173346624,1.000963408335433,Left medialorbitofrontal
ARWIBO,control_alzheimer,2.7220346041554735,1.0093579121198972,Left middletemporal
ARWIBO,control_alzheimer,2.684194400728051,0.9743455602622715,Left parahippocampal
ARWIBO,control_alzheimer,2.090286136840937,1.0353902293590629,Left paracentral
ARWIBO,control_alzheimer,2.5390101585093077,1.1603727293750694,Left parsopercularis
ARWIBO,control_alzheimer,2.626026623039937,1.143997122357217,Left parsorbitalis
ARWIBO,control_alzheimer,2.428384990243781,1.1767556030998563,Left parstriangularis
ARWIBO,control_alzheimer,1.376686752410427,0.9729022641336109,Left pericalcarine
ARWIBO,control_alzheimer,1.8316870498035032,1.0391841698661912,Left postcentral
ARWIBO,control_alzheimer,2.38091571196559,1.0236590348150856,Left posteriorcingulate
ARWIBO,control_alzheimer,2.2011898478372562,1.0942456360318062,Left precentral
ARWIBO,control_alzheimer,2.3242308620176,0.8946416589090258,Left precuneus
ARWIBO,control_alzheimer,2.72001088983924,1.036603323305922,Left rostralanteriorcingulate
ARWIBO,control_alzheimer,2.363470357733655,1.0621953380402531,Left rostralmiddlefrontal
ARWIBO,control_alzheimer,2.6265587084454496,1.2003498189787412,Left superiorfrontal
ARWIBO,control_alzheimer,2.150388941829069,0.9059846778704354,Left superiorparietal
ARWIBO,control_alzheimer,2.581876321890772,1.0302048580663352,Left superiortemporal
ARWIBO,control_alzheimer,2.4544909172896414,1.0277580196466025,Left supramarginal
ARWIBO,control_alzheimer,2.6997689917874883,1.1274818037194918,Left frontalpole
ARWIBO,control_alzheimer,3.58660529377063,1.0196151723134996,Left temporalpole
ARWIBO,control_alzheimer,2.118766557800039,1.096641531488866,Left transversetemporal
ARWIBO,control_alzheimer,2.905459568380314,1.1351173130553252,Left insula
ARWIBO,control_alzheimer,2.581206189984807,0.9800466267756487,Right bankssts
ARWIBO,control_alzheimer,2.350324442267018,0.9781393179770068,Right caudalanteriorcingulate
ARWIBO,control_alzheimer,2.443145446141549,1.1737609400563325,Right caudalmiddlefrontal
ARWIBO,control_alzheimer,1.7114236897630597,0.9357849284368509,Right cuneus
ARWIBO,control_alzheimer,3.214395203541667,0.8711907197779676,Right entorhinal
ARWIBO,control_alzheimer,2.6602607606505164,0.9806171040820274,Right fusiform
ARWIBO,control_alzheimer,2.3981599787289443,0.9606531836702294,Right inferiorparietal
ARWIBO,control_alzheimer,2.763277608315475,1.0396854240788922,Right inferiortemporal
ARWIBO,control_alzheimer,2.2414967142817894,0.9115283717478339,Right isthmuscingulate
ARWIBO,control_alzheimer,2.1371518490667234,1.0936638513670738,Right lateraloccipital
ARWIBO,control_alzheimer,2.670559589016351,1.1091126922525545,Right lateralorbitofrontal
ARWIBO,control_alzheimer,1.8258775676950862,1.0077778414284833,Right lingual
ARWIBO,control_alzheimer,2.392548553528529,1.012782211509519,Right medialorbitofrontal
ARWIBO,control_alzheimer,2.7548399258952596,1.0352647195948934,Right middletemporal
ARWIBO,control_alzheimer,2.6592760855317645,0.9588061377111036,Right parahippocampal
ARWIBO,control_alzheimer,2.0888737468562932,0.9927319047733658,Right paracentral
ARWIBO,control_alzheimer,2.5456119878802594,1.19364863070735,Right parsopercularis
ARWIBO,control_alzheimer,2.6630983245807642,1.1244515475894468,Right parsorbitalis
ARWIBO,control_alzheimer,2.465345487360627,1.2080084140671101,Right parstriangularis
ARWIBO,control_alzheimer,1.3862043922983194,0.9363349114855525,Right pericalcarine
ARWIBO,control_alzheimer,1.8022141509931777,0.987128354113565,Right postcentral
ARWIBO,control_alzheimer,2.44590272613522,1.028948373693654,Right posteriorcingulate
ARWIBO,control_alzheimer,2.1532811377195396,1.0614148508836752,Right precentral
ARWIBO,control_alzheimer,2.318335253843767,0.9587473471653447,Right precuneus
ARWIBO,control_alzheimer,2.7030231014635424,1.114964558821711,Right rostralanteriorcingulate
ARWIBO,control_alzheimer,2.403285408155077,1.0673815121531063,Right rostralmiddlefrontal
ARWIBO,control_alzheimer,2.633944698036988,1.1797448807154904,Right superiorfrontal
ARWIBO,control_alzheimer,2.1304436107848703,0.906592279938239,Right superiorparietal
ARWIBO,control_alzheimer,2.611143029638843,1.0293505403361525,Right superiortemporal
ARWIBO,control_alzheimer,2.394816606366346,1.0517621252376348,Right supramarginal
ARWIBO,control_alzheimer,2.733000218137703,1.0569580867738857,Right frontalpole
ARWIBO,control_alzheimer,3.612620078106845,1.0545537997733747,Right temporalpole
ARWIBO,control_alzheimer,2.1675634453375965,1.1304322631202777,Right transversetemporal
ARWIBO,control_alzheimer,2.920908812754713,1.1104387052558107,Right insula
ARWIBO,alzheimer,1.8255834425502744,1.1877265202987566,Left bankssts
ARWIBO,alzheimer,2.278907370522924,1.0081626618596569,Left caudalanteriorcingulate
ARWIBO,alzheimer,2.035436834583954,1.3780516190622867,Left caudalmiddlefrontal
ARWIBO,alzheimer,1.9135734219757836,1.1327298694832966,Left cuneus
ARWIBO,alzheimer,2.569204418438941,0.9958595186684349,Left entorhinal
ARWIBO,alzheimer,2.1575198194549374,1.2202877728534844,Left fusiform
ARWIBO,alzheimer,1.801461396554142,1.142188607859423,Left inferiorparietal
ARWIBO,alzheimer,2.223128828012313,1.1829427021070154,Left inferiortemporal
ARWIBO,alzheimer,1.865906296393073,1.0030666248247333,Left isthmuscingulate
ARWIBO,alzheimer,1.9493229012107967,1.2090938806052531,Left lateraloccipital
ARWIBO,alzheimer,2.12431787485602,1.2671422961436218,Left lateralorbitofrontal
ARWIBO,alzheimer,2.010058520089044,1.3199132615200586,Left lingual
ARWIBO,alzheimer,2.129686583700582,1.4742368882713983,Left medialorbitofrontal
ARWIBO,alzheimer,2.2135621944765407,1.2393620740824058,Left middletemporal
ARWIBO,alzheimer,2.2567398855584955,1.0140022360481236,Left parahippocampal
ARWIBO,alzheimer,2.305813629539178,1.3944083546320707,Left paracentral
ARWIBO,alzheimer,2.0793212293854433,1.283813020363396,Left parsopercularis
ARWIBO,alzheimer,2.2767971321062865,1.1454425439174287,Left parsorbitalis
ARWIBO,alzheimer,1.973521401391899,1.264528573031982,Left parstriangularis
ARWIBO,alzheimer,1.8543225978874576,1.379510270312602,Left pericalcarine
ARWIBO,alzheimer,2.0620467516678573,1.33809370001953,Left postcentral
ARWIBO,alzheimer,1.9636075149687835,1.2035781263999863,Left posteriorcingulate
ARWIBO,alzheimer,2.3538259454479022,1.4767692346532715,Left precentral
ARWIBO,alzheimer,1.8460965701937773,1.087179115573852,Left precuneus
ARWIBO,alzheimer,2.239168837234623,1.2589476161326578,Left rostralanteriorcingulate
ARWIBO,alzheimer,1.9134004464551146,1.304216467169794,Left rostralmiddlefrontal
ARWIBO,alzheimer,2.128916605636894,1.380890327940532,Left superiorfrontal
ARWIBO,alzheimer,1.8241554134207725,1.065847410392623,Left superiorparietal
ARWIBO,alzheimer,2.2387585813390896,1.1179619277265738,Left superiortemporal
ARWIBO,alzheimer,1.9704581733438873,1.145520333509034,Left supramarginal
ARWIBO,alzheimer,2.3963070428258644,1.1851957130171564,Left frontalpole
ARWIBO,alzheimer,2.8808599664481416,1.2730157929077048,Left temporalpole
ARWIBO,alzheimer,2.2257676027813194,1.1707913374555752,Left transversetemporal
ARWIBO,alzheimer,2.375032455392238,1.5413328796254802,Left insula
ARWIBO,alzheimer,1.9819504468466402,1.159870847446739,Right bankssts
ARWIBO,alzheimer,2.100412006116418,1.0450241597477727,Right caudalanteriorcingulate
ARWIBO,alzheimer,2.0157330036538714,1.3844113136194867,Right caudalmiddlefrontal
ARWIBO,alzheimer,1.9802053175137029,1.1610959807476788,Right cuneus
ARWIBO,alzheimer,2.63567165974966,0.9983360348586531,Right entorhinal
ARWIBO,alzheimer,2.2393871606086164,1.274176923621395,Right fusiform
ARWIBO,alzheimer,1.9142642138102735,1.1451282367991351,Right inferiorparietal
ARWIBO,alzheimer,2.260091084917549,1.1598259864448508,Right inferiortemporal
ARWIBO,alzheimer,1.9031536671711564,1.0252280223944021,Right isthmuscingulate
ARWIBO,alzheimer,1.9859990984050009,1.1962575748671023,Right lateraloccipital
ARWIBO,alzheimer,2.0941574588383105,1.2369115650706604,Right lateralorbitofrontal
ARWIBO,alzheimer,1.995928673262076,1.3162940515592108,Right lingual
ARWIBO,alzheimer,2.136624470860902,1.4089497700822324,Right medialorbitofrontal
ARWIBO,alzheimer,2.2479840272734046,1.2417356033790672,Right middletemporal
ARWIBO,alzheimer,2.139341120186434,1.096554788931532,Right parahippocampal
ARWIBO,alzheimer,2.342986691347769,1.4838133422896689,Right paracentral
ARWIBO,alzheimer,2.0495638903351145,1.3067314101418277,Right parsopercularis
ARWIBO,alzheimer,2.191211378179266,1.2127514222928404,Right parsorbitalis
ARWIBO,alzheimer,1.8945850771997077,1.2397986787965067,Right parstriangularis
ARWIBO,alzheimer,1.8506156312823043,1.36403447227295,Right pericalcarine
ARWIBO,alzheimer,2.066315822352202,1.3349166611837868,Right postcentral
ARWIBO,alzheimer,1.8912194327100558,1.1946872534950401,Right posteriorcingulate
ARWIBO,alzheimer,2.3396985541278106,1.441974496424088,Right precentral
ARWIBO,alzheimer,1.9032581773341353,1.1624801304117083,Right precuneus
ARWIBO,alzheimer,2.4095775220204336,1.3321020737280147,Right rostralanteriorcingulate
ARWIBO,alzheimer,1.8224672734679406,1.298238891691067,Right rostralmiddlefrontal
ARWIBO,alzheimer,2.0984062802928514,1.3980880795185973,Right superiorfrontal
ARWIBO,alzheimer,1.8239277042742508,1.0998733975085289,Right superiorparietal
ARWIBO,alzheimer,2.2474133503525673,1.1125048441649812,Right superiortemporal
ARWIBO,alzheimer,2.0893964152167,1.1955118442967838,Right supramarginal
ARWIBO,alzheimer,2.3274120999294925,1.1827885720025544,Right frontalpole
ARWIBO,alzheimer,2.9635024373515115,1.2670907035535954,Right temporalpole
ARWIBO,alzheimer,2.2021680914227275,1.2257070291492138,Right transversetemporal
ARWIBO,alzheimer,2.3326836458152673,1.5091513834360495,Right insula
EDSD,control_alzheimer,2.6190483888782734,0.8919819197844712,Left bankssts
EDSD,control_alzheimer,2.3355444172782445,1.008980195062713,Left caudalanteriorcingulate
EDSD,control_alzheimer,2.7518624156494877,0.9791470705095746,Left caudalmiddlefrontal
EDSD,control_alzheimer,1.8768664325199704,1.1685058188669817,Left cuneus
EDSD,control_alzheimer,3.3802895070571464,0.8689572307254148,Left entorhinal
EDSD,control_alzheimer,2.9586141635499956,0.9069128135565035,Left fusiform
EDSD,control_alzheimer,2.6666969016962145,0.9345398172483989,Left inferiorparietal
EDSD,control_alzheimer,3.150228433846275,0.8409188004427713,Left inferiortemporal
EDSD,control_alzheimer,2.453134630298907,1.2072459354189895,Left isthmuscingulate
EDSD,control_alzheimer,2.2306544598641054,1.0425631980863783,Left lateraloccipital
EDSD,control_alzheimer,2.7173236871108597,1.095110689095698,Left lateralorbitofrontal
EDSD,control_alzheimer,2.010733555422563,1.171275529102707,Left lingual
EDSD,control_alzheimer,2.567803644379,1.1179319832753216,Left medialorbitofrontal
EDSD,control_alzheimer,3.1028908437726512,0.8651284772864936,Left middletemporal
EDSD,control_alzheimer,2.84138388405261,0.9563908674970322,Left parahippocampal
EDSD,control_alzheimer,2.469078070126593,1.0273199805049322,Left paracentral
EDSD,control_alzheimer,2.6322685394630474,1.0892336786213082,Left parsopercularis
EDSD,control_alzheimer,2.632343350813056,1.0899802810195893,Left parsorbitalis
EDSD,control_alzheimer,2.447484437001848,1.0227412599616603,Left parstriangularis
EDSD,control_alzheimer,1.5914828793252207,1.177768641484216,Left pericalcarine
EDSD,control_alzheimer,2.214098832308731,1.0660429237064188,Left postcentral
EDSD,control_alzheimer,2.5044989888042837,1.0476882246156862,Left posteriorcingulate
EDSD,control_alzheimer,2.5173010076407,1.069721416941893,Left precentral
EDSD,control_alzheimer,2.672815608903483,0.9928711423752632,Left precuneus
EDSD,control_alzheimer,2.6839316397960427,0.96913651387018,Left rostralanteriorcingulate
EDSD,control_alzheimer,2.5991799318517645,0.977947283942131,Left rostralmiddlefrontal
EDSD,control_alzheimer,2.930304644002919,0.9826781230912633,Left superiorfrontal
EDSD,control_alzheimer,2.4961303399463115,1.0078672093979404,Left superiorparietal
EDSD,control_alzheimer,2.9443845115965614,0.923649948263259,Left superiortemporal
EDSD,control_alzheimer,2.7616926046699835,1.0171464048357213,Left supramarginal
EDSD,control_alzheimer,2.759151753930245,1.0264740126904737,Left frontalpole
EDSD,control_alzheimer,3.7236552611569063,0.9408108173445437,Left temporalpole
EDSD,control_alzheimer,2.3426921566465273,1.0179773241406203,Left transversetemporal
EDSD,control_alzheimer,2.928098058504995,0.9962162985830103,Left insula
EDSD,control_alzheimer,2.8131392250942553,0.9762385340631715,Right bankssts
EDSD,control_alzheimer,2.3088481399609972,0.9718913321918654,Right caudalanteriorcingulate
EDSD,control_alzheimer,2.6530960011329543,1.0255264877281385,Right caudalmiddlefrontal
EDSD,control_alzheimer,1.8971446425533491,1.2000780409611094,Right cuneus
EDSD,control_alzheimer,3.5085219245312778,0.8127074056105167,Right entorhinal
EDSD,control_alzheimer,2.929769410730339,0.9151581346693903,Right fusiform
EDSD,control_alzheimer,2.7407420540451715,0.9508767459242152,Right inferiorparietal
EDSD,control_alzheimer,3.10082267578836,0.9834694075044228,Right inferiortemporal
EDSD,control_alzheimer,2.428601904830735,1.041863435069371,Right isthmuscingulate
EDSD,control_alzheimer,2.3345833071596966,1.0041218226623538,Right lateraloccipital
EDSD,control_alzheimer,2.6308505426081465,1.1119914821976515,Right lateralorbitofrontal
EDSD,control_alzheimer,1.9970296731780441,1.1051246921772184,Right lingual
EDSD,control_alzheimer,2.465618099118245,1.0139304851040487,Right medialorbitofrontal
EDSD,control_alzheimer,3.1326154410441696,0.8738647430151866,Right middletemporal
EDSD,control_alzheimer,2.8533341363944396,0.9903384210939302,Right parahippocampal
EDSD,control_alzheimer,2.4370360215636278,1.060308126905263,Right paracentral
EDSD,control_alzheimer,2.601712959473968,1.0699831806678388,Right parsopercularis
EDSD,control_alzheimer,2.6361720625237717,0.9250725276170857,Right parsorbitalis
EDSD,control_alzheimer,2.436724488270196,0.9506884003403882,Right parstriangularis
EDSD,control_alzheimer,1.5962197780925094,1.1855555173866479,Right pericalcarine
EDSD,control_alzheimer,2.157955005380778,1.0082390797276604,Right postcentral
EDSD,control_alzheimer,2.4729046135120227,1.0817930787410779,Right posteriorcingulate
EDSD,control_alzheimer,2.4723281597631868,1.0418295292101611,Right precentral
EDSD,control_alzheimer,2.6674757180748316,0.9644817172242995,Right precuneus
EDSD,control_alzheimer,2.696623388721333,0.9832460875098513,Right rostralanteriorcingulate
EDSD,control_alzheimer,2.529689704588678,1.033175212731982,Right rostralmiddlefrontal
EDSD,control_alzheimer,2.9242089896752392,0.9602048157926321,Right superiorfrontal
EDSD,control_alzheimer,2.4533600433351817,0.9669069713356578,Right superiorparietal
EDSD,control_alzheimer,2.9561252409431953,0.8933191405640016,Right superiortemporal
EDSD,control_alzheimer,2.6624389062498515,0.9533875567968183,Right supramarginal
EDSD,control_alzheimer,2.7456143118727305,1.0377829322138865,Right frontalpole
EDSD,control_alzheimer,3.7346146718535436,0.8362511089253258,Right temporalpole
EDSD,control_alzheimer,2.339156111507745,1.0451974145077538,Right transversetemporal
EDSD,control_alzheimer,2.990529639233142,0.8830596042617198,Right insula
EDSD,alzheimer,2.0280207060012003,1.2380271116012826,Left bankssts
EDSD,alzheimer,2.377349431482789,1.1511283094939146,Left caudalanteriorcingulate
EDSD,alzheimer,2.0191166646123957,1.1885574164801085,Left caudalmiddlefrontal
EDSD,alzheimer,1.7271579014386793,1.1244963431810409,Left cuneus
EDSD,alzheimer,2.6395882478677777,1.1569007556377129,Left entorhinal
EDSD,alzheimer,2.172809823544683,1.3620088268497648,Left fusiform
EDSD,alzheimer,1.8870660616277537,1.34614493516215,Left inferiorparietal
EDSD,alzheimer,2.155259814603002,1.2995982384045137,Left inferiortemporal
EDSD,alzheimer,1.8823845606493468,1.18857906462002,Left isthmuscingulate
EDSD,alzheimer,1.905274727056236,1.3125411468758241,Left lateraloccipital
EDSD,alzheimer,2.33397270238769,1.2626904369372254,Left lateralorbitofrontal
EDSD,alzheimer,1.780079279885966,1.1375665733759852,Left lingual
EDSD,alzheimer,2.0902444012346764,1.1813445774701818,Left medialorbitofrontal
EDSD,alzheimer,2.1560740782530714,1.324917031904053,Left middletemporal
EDSD,alzheimer,2.316019170039101,1.1429826995705763,Left parahippocampal
EDSD,alzheimer,1.9735315428601499,1.2553954123668718,Left paracentral
EDSD,alzheimer,2.193086969660487,1.2077635269241593,Left parsopercularis
EDSD,alzheimer,2.405835071817051,1.1510012158561331,Left parsorbitalis
EDSD,alzheimer,2.134379179580185,1.1533182492704428,Left parstriangularis
EDSD,alzheimer,1.530341463007208,1.0877904977356088,Left pericalcarine
EDSD,alzheimer,1.7217110461526353,1.1213383092411375,Left postcentral
EDSD,alzheimer,2.041181356402084,1.1992830439267985,Left posteriorcingulate
EDSD,alzheimer,2.0869123956345694,1.2873487097096197,Left precentral
EDSD,alzheimer,1.7983189081133293,1.3831923995156672,Left precuneus
EDSD,alzheimer,2.4463672546529347,1.1074878987659127,Left rostralanteriorcingulate
EDSD,alzheimer,1.929449562108185,1.1931750807937183,Left rostralmiddlefrontal
EDSD,alzheimer,2.1182000836626655,1.1134210874414339,Left superiorfrontal
EDSD,alzheimer,1.7203176665762954,1.27949502901654,Left superiorparietal
EDSD,alzheimer,2.130321963830239,1.2616009809260933,Left superiortemporal
EDSD,alzheimer,1.952260972992064,1.3344685087728172,Left supramarginal
EDSD,alzheimer,2.4728460565731623,1.114156968769711,Left frontalpole
EDSD,alzheimer,3.0595906636093737,1.2389849791880747,Left temporalpole
EDSD,alzheimer,2.037122987251011,1.004593274555801,Left transversetemporal
EDSD,alzheimer,2.562402960491404,1.0970112170396509,Left insula
EDSD,alzheimer,2.0573905464548385,1.2450557862696043,Right bankssts
EDSD,alzheimer,2.2231131186092177,1.2070344271924571,Right caudalanteriorcingulate
EDSD,alzheimer,2.0401505918920604,1.1140213569050514,Right caudalmiddlefrontal
EDSD,alzheimer,1.7550673752472612,1.065851845928173,Right cuneus
EDSD,alzheimer,2.662258273660936,1.1261936434999502,Right entorhinal
EDSD,alzheimer,2.221993128109118,1.318160116489393,Right fusiform
EDSD,alzheimer,1.872643910162784,1.3114926826450648,Right inferiorparietal
EDSD,alzheimer,2.22919084054072,1.2679289651451087,Right inferiortemporal
EDSD,alzheimer,1.9086529290938334,1.2144692185993304,Right isthmuscingulate
EDSD,alzheimer,1.9132916164385876,1.2088872983332803,Right lateraloccipital
EDSD,alzheimer,2.3402471799742486,1.1576650478786328,Right lateralorbitofrontal
EDSD,alzheimer,1.818084709508909,1.1318042514662974,Right lingual
EDSD,alzheimer,2.1860085490109022,1.15812896959244,Right medialorbitofrontal
EDSD,alzheimer,2.191920649437294,1.2457095310548107,Right middletemporal
EDSD,alzheimer,2.2095505869415866,1.1577866568919184,Right parahippocampal
EDSD,alzheimer,2.016222899451877,1.2429864341798131,Right paracentral
EDSD,alzheimer,2.2017166079860444,1.1096199144273289,Right parsopercularis
EDSD,alzheimer,2.388960524443667,1.0907944836588983,Right parsorbitalis
EDSD,alzheimer,2.131166959327315,1.0702001707897777,Right parstriangularis
EDSD,alzheimer,1.5348445904348988,1.0872476335589605,Right pericalcarine
EDSD,alzheimer,1.7307335150210392,1.0590005581391424,Right postcentral
EDSD,alzheimer,2.084949709874916,1.178141480898088,Right posteriorcingulate
EDSD,alzheimer,2.0579748912088975,1.2284373687768892,Right precentral
EDSD,alzheimer,1.831067132318198,1.2712639109960973,Right precuneus
EDSD,alzheimer,2.525721342841169,1.1041039560960433,Right rostralanteriorcingulate
EDSD,alzheimer,1.9605536357203575,1.1784422442699471,Right rostralmiddlefrontal
EDSD,alzheimer,2.111055068199865,1.1631356429166007,Right superiorfrontal
EDSD,alzheimer,1.7276504710298242,1.233976388042841,Right superiorparietal
EDSD,alzheimer,2.158402083225756,1.2524129241171869,Right superiortemporal
EDSD,alzheimer,2.029210306254047,1.3456538603198471,Right supramarginal
EDSD,alzheimer,2.473789656655592,1.1697590203246577,Right frontalpole
EDSD,alzheimer,3.130574065327506,1.2012890225814128,Right temporalpole
EDSD,alzheimer,2.075691431451426,1.0663962570127177,Right transversetemporal
EDSD,alzheimer,2.511092880397791,1.1391746155863804,Right insula
I-ADNI,alzheimer,2.2630328033172606,1.3383883668984502,Left bankssts
I-ADNI,alzheimer,2.360725686524477,1.2549778279314745,Left caudalanteriorcingulate
I-ADNI,alzheimer,2.3104818827785363,1.3150891770799926,Left caudalmiddlefrontal
I-ADNI,alzheimer,1.7866833930162223,1.0073812578648411,Left cuneus
I-ADNI,alzheimer,2.934128298731754,1.1012139210572318,Left entorhinal
I-ADNI,alzheimer,2.485293967407314,1.3062758812647166,Left fusiform
I-ADNI,alzheimer,2.197081431322127,1.385759666023014,Left inferiorparietal
I-ADNI,alzheimer,2.550902798769097,1.2397559595789098,Left inferiortemporal
I-ADNI,alzheimer,2.109357388889349,1.0402699618623223,Left isthmuscingulate
I-ADNI,alzheimer,2.034667438026067,1.1631876950609281,Left lateraloccipital
I-ADNI,alzheimer,2.486415846780938,1.080268082996072,Left lateralorbitofrontal
I-ADNI,alzheimer,1.8718012133827262,1.0208533483357356,Left lingual
I-ADNI,alzheimer,2.280139868355415,1.095104139452156,Left medialorbitofrontal
I-ADNI,alzheimer,2.53256439906534,1.3340490072820812,Left middletemporal
I-ADNI,alzheimer,2.5249391846325993,1.1493000539026736,Left parahippocampal
I-ADNI,alzheimer,2.1705990069159857,1.2194025677648759,Left paracentral
I-ADNI,alzheimer,2.3677177232853652,1.1756166008289453,Left parsopercularis
I-ADNI,alzheimer,2.495908935430268,1.016323099656874,Left parsorbitalis
I-ADNI,alzheimer,2.2588911457891907,1.162395814640016,Left parstriangularis
I-ADNI,alzheimer,1.5546620365407182,0.9155125755451785,Left pericalcarine
I-ADNI,alzheimer,1.9175202376082232,1.0976787370351506,Left postcentral
I-ADNI,alzheimer,2.2254196361792777,1.0472924690549985,Left posteriorcingulate
I-ADNI,alzheimer,2.2580644172201154,1.2381405940222745,Left precentral
I-ADNI,alzheimer,2.1460570091351445,1.2876013430019808,Left precuneus
I-ADNI,alzheimer,2.5408398403839345,1.0447248530760964,Left rostralanteriorcingulate
I-ADNI,alzheimer,2.195753305945866,1.23751625801136,Left rostralmiddlefrontal
I-ADNI,alzheimer,2.4411225118254807,1.2937401493978264,Left superiorfrontal
I-ADNI,alzheimer,2.0288171710021774,1.2834242156298827,Left superiorparietal
I-ADNI,alzheimer,2.4540220141812923,1.299392013573872,Left superiortemporal
I-ADNI,alzheimer,2.274132245068076,1.3639162608756532,Left supramarginal
I-ADNI,alzheimer,2.5866861319332366,1.0628940608486501,Left frontalpole
I-ADNI,alzheimer,3.3236414574859774,1.131719659309105,Left temporalpole
I-ADNI,alzheimer,2.1586324122313414,1.1131665057504876,Left transversetemporal
I-ADNI,alzheimer,2.7078216482862283,1.0271783384490483,Left insula
I-ADNI,alzheimer,2.357896590731854,1.3605226436550235,Right bankssts
I-ADNI,alzheimer,2.2572184120607623,1.1323343208200778,Right caudalanteriorcingulate
I-ADNI,alzheimer,2.283867827432176,1.3827362007157595,Right caudalmiddlefrontal
I-ADNI,alzheimer,1.811562693763525,0.9488356480586847,Right cuneus
I-ADNI,alzheimer,2.9987562083696035,1.1195325608634392,Right entorhinal
I-ADNI,alzheimer,2.5034264447594605,1.2804020873477884,Right fusiform
I-ADNI,alzheimer,2.217818795873863,1.46685850053512,Right inferiorparietal
I-ADNI,alzheimer,2.575779109705747,1.2061761457427584,Right inferiortemporal
I-ADNI,alzheimer,2.1154246236940377,1.0571833704578968,Right isthmuscingulate
I-ADNI,alzheimer,2.080801986313883,1.2036975775147032,Right lateraloccipital
I-ADNI,alzheimer,2.455788424837873,1.0529257379067245,Right lateralorbitofrontal
I-ADNI,alzheimer,1.8892350187501468,1.0450912636012248,Right lingual
I-ADNI,alzheimer,2.2971971059423413,1.1322567631097045,Right medialorbitofrontal
I-ADNI,alzheimer,2.5659691659352366,1.3611896691175962,Right middletemporal
I-ADNI,alzheimer,2.465553314045044,1.1458352936407852,Right parahippocampal
I-ADNI,alzheimer,2.1835716534245115,1.267061698092219,Right paracentral
I-ADNI,alzheimer,2.360774020527225,1.1343729242933591,Right parsopercularis
I-ADNI,alzheimer,2.487268090411858,1.027795161936984,Right parsorbitalis
I-ADNI,alzheimer,2.252660817526157,1.1404342134935348,Right parstriangularis
I-ADNI,alzheimer,1.5592691528144709,0.98689480784674,Right pericalcarine
I-ADNI,alzheimer,1.9006149178782938,1.0284707059498654,Right postcentral
I-ADNI,alzheimer,2.2392225519274196,1.1167803425451424,Right posteriorcingulate
I-ADNI,alzheimer,2.2227424113859824,1.2131545481692965,Right precentral
I-ADNI,alzheimer,2.163643771043874,1.3246073902413722,Right precuneus
I-ADNI,alzheimer,2.593690195933302,1.0230432314631868,Right rostralanteriorcingulate
I-ADNI,alzheimer,2.1868503240249497,1.2209566688581728,Right rostralmiddlefrontal
I-ADNI,alzheimer,2.4343845792869483,1.2823678354999866,Right superiorfrontal
I-ADNI,alzheimer,2.0162133699137343,1.2858345246369416,Right superiorparietal
I-ADNI,alzheimer,2.475605540953509,1.3650543103239758,Right superiortemporal
I-ADNI,alzheimer,2.281001352508211,1.3261007042537605,Right supramarginal
I-ADNI,alzheimer,2.5818765261230325,1.0486832452812935,Right frontalpole
I-ADNI,alzheimer,3.370752481203722,1.1604324290205559,Right temporalpole
I-ADNI,alzheimer,2.1804550945700947,1.1262536696636836,Right transversetemporal
I-ADNI,alzheimer,2.701740409365034,0.9979840593862,Right insula
NACC,control_alzheimer,2.288849159860016,0.7368505514543129,Left bankssts
NACC,control_alzheimer,2.3035001247143034,0.8265760837017475,Left caudalanteriorcingulate
NACC,control_alzheimer,2.406592982380496,0.6951398854995496,Left caudalmiddlefrontal
NACC,control_alzheimer,1.8351704133498277,0.8991298400016978,Left cuneus
NACC,control_alzheimer,3.0579861302276687,0.7195525826323277,Left entorhinal
NACC,control_alzheimer,2.549092442331337,0.6884505586540914,Left fusiform
NACC,control_alzheimer,2.252783412757448,0.6870479666461573,Left inferiorparietal
NACC,control_alzheimer,2.6156595558209212,0.8101908606463935,Left inferiortemporal
NACC,control_alzheimer,2.178309630680457,0.9168059159870803,Left isthmuscingulate
NACC,control_alzheimer,2.0763223649234654,0.765020311364907,Left lateraloccipital
NACC,control_alzheimer,2.4713215006202893,0.8777457402618737,Left lateralorbitofrontal
NACC,control_alzheimer,1.9758395347254387,0.8463040317566717,Left lingual
NACC,control_alzheimer,2.2719911845912826,0.8571753322079656,Left medialorbitofrontal
NACC,control_alzheimer,2.6292152022731963,0.6717442668776109,Left middletemporal
NACC,control_alzheimer,2.5851178071127725,0.7922724875633457,Left parahippocampal
NACC,control_alzheimer,2.1819712361503187,0.7333878115423029,Left paracentral
NACC,control_alzheimer,2.3782708518232285,0.750956079684038,Left parsopercularis
NACC,control_alzheimer,2.589365159551866,0.9592431195396095,Left parsorbitalis
NACC,control_alzheimer,2.3107687314305196,0.8021979451580312,Left parstriangularis
NACC,control_alzheimer,1.6302826213657464,1.0818025936794389,Left pericalcarine
NACC,control_alzheimer,1.999990538518071,0.7864744205761401,Left postcentral
NACC,control_alzheimer,2.3076404758123625,0.8400922187373888,Left posteriorcingulate
NACC,control_alzheimer,2.3016151907841533,0.6552146550073286,Left precentral
NACC,control_alzheimer,2.22307490816369,0.7120799901729435,Left precuneus
NACC,control_alzheimer,2.499882277654379,0.896417840043122,Left rostralanteriorcingulate
NACC,control_alzheimer,2.3744774094496734,0.8024814315545746,Left rostralmiddlefrontal
NACC,control_alzheimer,2.552444798666445,0.7509560896359927,Left superiorfrontal
NACC,control_alzheimer,2.1465439272458653,0.6644415645740387,Left superiorparietal
NACC,control_alzheimer,2.5466074831672416,0.695521246524437,Left superiortemporal
NACC,control_alzheimer,2.3177415503685705,0.7010336450631476,Left supramarginal
NACC,control_alzheimer,2.725832709194618,0.9676718477966518,Left frontalpole
NACC,control_alzheimer,3.397424019064441,0.8251270626844909,Left temporalpole
NACC,control_alzheimer,2.164637193537067,0.8043803844694821,Left transversetemporal
NACC,control_alzheimer,2.6913066183398224,0.801772249510256,Left insula
NACC,control_alzheimer,2.44352654348007,0.7209825365432926,Right bankssts
NACC,control_alzheimer,2.1647762288174226,1.0053593061732053,Right caudalanteriorcingulate
NACC,control_alzheimer,2.3051250533239633,0.7066800842511429,Right caudalmiddlefrontal
NACC,control_alzheimer,1.8647094609947978,1.007914010964878,Right cuneus
NACC,control_alzheimer,3.130846632525887,0.7729060174026285,Right entorhinal
NACC,control_alzheimer,2.6007762285583818,0.6548903195225492,Right fusiform
NACC,control_alzheimer,2.3651202458677134,0.613848335448053,Right inferiorparietal
NACC,control_alzheimer,2.679389265623755,0.7791272091249967,Right inferiortemporal
NACC,control_alzheimer,2.230123181994699,0.9878333792236357,Right isthmuscingulate
NACC,control_alzheimer,2.2013092369166647,0.7603905511300132,Right lateraloccipital
NACC,control_alzheimer,2.470071885529048,0.8779123918487604,Right lateralorbitofrontal
NACC,control_alzheimer,1.9159057564104656,1.0124957428352734,Right lingual
NACC,control_alzheimer,2.281157333252275,0.8936014743855931,Right medialorbitofrontal
NACC,control_alzheimer,2.6655814186843707,0.6467265147543618,Right middletemporal
NACC,control_alzheimer,2.4828099891527016,0.7718734441922441,Right parahippocampal
NACC,control_alzheimer,2.240165312064615,0.7080613893639778,Right paracentral
NACC,control_alzheimer,2.341362122639916,0.8338830124911774,Right parsopercularis
NACC,control_alzheimer,2.445302357655634,0.8002076781182358,Right parsorbitalis
NACC,control_alzheimer,2.20124245596372,0.8300281010684485,Right parstriangularis
NACC,control_alzheimer,1.5928892212771293,1.1573610900449538,Right pericalcarine
NACC,control_alzheimer,1.9707664155214437,0.8336947873640324,Right postcentral
NACC,control_alzheimer,2.2764981524577563,0.8833485705759863,Right posteriorcingulate
NACC,control_alzheimer,2.2454058131419057,0.6859060692282738,Right precentral
NACC,control_alzheimer,2.3306168637224416,0.7035401441722757,Right precuneus
NACC,control_alzheimer,2.4492544658153377,0.8444376838344478,Right rostralanteriorcingulate
NACC,control_alzheimer,2.1619475175946588,0.7719220931237023,Right rostralmiddlefrontal
NACC,control_alzheimer,2.468128161155789,0.7679793304517795,Right superiorfrontal
NACC,control_alzheimer,2.1660245373043874,0.6711800612902857,Right superiorparietal
NACC,control_alzheimer,2.5282530751719654,0.7032000982937364,Right superiortemporal
NACC,control_alzheimer,2.332524134221153,0.6695720380509129,Right supramarginal
NACC,control_alzheimer,2.6489407768653828,0.8559268584242521,Right frontalpole
NACC,control_alzheimer,3.410953771406335,0.8519127654824092,Right temporalpole
NACC,control_alzheimer,2.182019489996365,0.7324080790523028,Right transversetemporal
NACC,control_alzheimer,2.705899577956672,0.8257713878346914,Right insula
NACC,alzheimer,2.1908585637210996,0.9029992764014665,Left bankssts
NACC,alzheimer,2.52112493735565,1.0850109806846806,Left caudalanteriorcingulate
NACC,alzheimer,2.0413030167893127,0.8782102575087762,Left caudalmiddlefrontal
NACC,alzheimer,1.650832693990056,0.9718547370842351,Left cuneus
NACC,alzheimer,2.5871538265227,0.9670644902394364,Left entorhinal
NACC,alzheimer,2.306598309564668,0.9009179912616514,Left fusiform
NACC,alzheimer,2.0411848427645762,1.0377084215327608,Left inferiorparietal
NACC,alzheimer,2.369554843373959,1.047090523490044,Left inferiortemporal
NACC,alzheimer,1.9162320164816082,1.1128169330765063,Left isthmuscingulate
NACC,alzheimer,1.9180174273912156,0.9501895151355881,Left lateraloccipital
NACC,alzheimer,2.528760858701797,1.0668573611253078,Left lateralorbitofrontal
NACC,alzheimer,1.5803267384665445,1.0499232652266415,Left lingual
NACC,alzheimer,2.30303967328757,1.134964816350696,Left medialorbitofrontal
NACC,alzheimer,2.2618810042555904,0.9734249123540911,Left middletemporal
NACC,alzheimer,2.3563228788553237,0.8377563426751697,Left parahippocampal
NACC,alzheimer,2.138689011743361,0.912774864517565,Left paracentral
NACC,alzheimer,2.3382699085950427,0.8506878205639766,Left parsopercularis
NACC,alzheimer,2.2339886869473213,0.9203678812277913,Left parsorbitalis
NACC,alzheimer,2.113591362570676,0.838079048004461,Left parstriangularis
NACC,alzheimer,1.3427332307544009,1.105846845775542,Left pericalcarine
NACC,alzheimer,1.6864255893454283,0.9562898846099753,Left postcentral
NACC,alzheimer,1.995115350011794,1.1613676285363093,Left posteriorcingulate
NACC,alzheimer,2.1360083578523654,0.7407697350502093,Left precentral
NACC,alzheimer,1.930398868291323,0.9686556843052764,Left precuneus
NACC,alzheimer,2.6557276759780617,0.9450868487077598,Left rostralanteriorcingulate
NACC,alzheimer,1.6950502959528853,0.9640579984288228,Left rostralmiddlefrontal
NACC,alzheimer,2.129296285474063,0.848810656789485,Left superiorfrontal
NACC,alzheimer,1.699061949028843,1.022110362468842,Left superiorparietal
NACC,alzheimer,2.194715290193473,0.8942100023622654,Left superiortemporal
NACC,alzheimer,2.1520795672566013,0.945927619126797,Left supramarginal
NACC,alzheimer,2.1967386778232063,1.0360915132890107,Left frontalpole
NACC,alzheimer,3.1169700537103053,0.9758955778371259,Left temporalpole
NACC,alzheimer,2.141855960088748,0.7891241560718427,Left transversetemporal
NACC,alzheimer,2.754173743637249,0.8681307866367002,Left insula
NACC,alzheimer,2.118097711581488,0.9576650937612655,Right bankssts
NACC,alzheimer,2.516262052408947,1.1344825420382376,Right caudalanteriorcingulate
NACC,alzheimer,2.224449647615549,0.858985528902285,Right caudalmiddlefrontal
NACC,alzheimer,1.6626404021206531,1.0718635320465975,Right cuneus
NACC,alzheimer,2.628710502027745,0.9623558372414861,Right entorhinal
NACC,alzheimer,2.2307752213672196,1.0043448898047695,Right fusiform
NACC,alzheimer,1.8052820825982356,1.0235279147414298,Right inferiorparietal
NACC,alzheimer,2.2855780716880565,1.1217661930523457,Right inferiortemporal
NACC,alzheimer,1.7940818545699677,1.0744899551158575,Right isthmuscingulate
NACC,alzheimer,1.743227890431008,0.9976675976807067,Right lateraloccipital
NACC,alzheimer,2.415822308141563,0.9762832285672605,Right lateralorbitofrontal
NACC,alzheimer,1.8145803760913624,1.0728007762605345,Right lingual
NACC,alzheimer,2.342141156009419,1.1104156364175137,Right medialorbitofrontal
NACC,alzheimer,2.2869763867241963,1.0078782473846473,Right middletemporal
NACC,alzheimer,2.4172442636062694,0.9119486821037632,Right parahippocampal
NACC,alzheimer,2.024919472297127,0.9029237225211448,Right paracentral
NACC,alzheimer,2.4152855551583103,0.873804478947649,Right parsopercularis
NACC,alzheimer,2.604851645565186,0.8988163892675285,Right parsorbitalis
NACC,alzheimer,2.39681337417446,0.8653875813372294,Right parstriangularis
NACC,alzheimer,1.4649517440682556,0.9903883041796082,Right pericalcarine
NACC,alzheimer,1.7040399295911117,0.9293276999238016,Right postcentral
NACC,alzheimer,2.1348069309702526,1.1079172830748005,Right posteriorcingulate
NACC,alzheimer,2.1592458837455286,0.8008973595913058,Right precentral
NACC,alzheimer,1.695935143115972,1.1364573071634665,Right precuneus
NACC,alzheimer,2.9984364487299047,1.0162259351630591,Right rostralanteriorcingulate
NACC,alzheimer,2.2567714317686445,0.8691994225405272,Right rostralmiddlefrontal
NACC,alzheimer,2.3399810157429606,0.8764112255401175,Right superiorfrontal
NACC,alzheimer,1.5965249800195964,1.0757500537322537,Right superiorparietal
NACC,alzheimer,2.328184280656692,0.8699164950902577,Right superiortemporal
NACC,alzheimer,2.1367774782856497,1.0742138312183385,Right supramarginal
NACC,alzheimer,2.393902366313764,1.0561070149137204,Right frontalpole
NACC,alzheimer,3.2581977261015824,0.9250183981984594,Right temporalpole
NACC,alzheimer,2.176107683585758,0.788356343702261,Right transversetemporal
NACC,alzheimer,2.6901559325329965,0.9235779678366558,Right insula
OASIS3,control_alzheimer,2.3305339602849373,0.7889198287584241,Left bankssts
OASIS3,control_alzheimer,2.3765283204883585,0.9123972140838168,Left caudalanteriorcingulate
OASIS3,control_alzheimer,2.3715919918047974,0.7298234111949702,Left caudalmiddlefrontal
OASIS3,control_alzheimer,1.7894680126558715,0.9570854203527671,Left cuneus
OASIS3,control_alzheimer,3.0730166267458348,0.8050926008792927,Left entorhinal
OASIS3,control_alzheimer,2.5828366386256594,0.693947343024086,Left fusiform
OASIS3,control_alzheimer,2.2914724865783804,0.6945014870905131,Left inferiorparietal
OASIS3,control_alzheimer,2.6495122175945696,0.7578918981833384,Left inferiortemporal
OASIS3,control_alzheimer,2.192274720994497,0.9262930426555591,Left isthmuscingulate
OASIS3,control_alzheimer,2.0903723908826253,0.8316296645615536,Left lateraloccipital
OASIS3,control_alzheimer,2.5492209728594935,0.7533872335717008,Left lateralorbitofrontal
OASIS3,control_alzheimer,1.8938777065745547,0.8348623743078882,Left lingual
OASIS3,control_alzheimer,2.3298427113096203,0.8230935601333501,Left medialorbitofrontal
OASIS3,control_alzheimer,2.642390316776106,0.698382673512278,Left middletemporal
OASIS3,control_alzheimer,2.6000154001873157,0.8883171880274815,Left parahippocampal
OASIS3,control_alzheimer,2.196349840013208,0.8549539406187057,Left paracentral
OASIS3,control_alzheimer,2.4181469701771556,0.8040126980390649,Left parsopercularis
OASIS3,control_alzheimer,2.5457214506007904,0.8615477393789527,Left parsorbitalis
OASIS3,control_alzheimer,2.3009855416215648,0.7798061566090406,Left parstriangularis
OASIS3,control_alzheimer,1.5301788693710974,0.8618999091189388,Left pericalcarine
OASIS3,control_alzheimer,1.9345855335936852,0.8551142909708151,Left postcentral
OASIS3,control_alzheimer,2.2642080514569733,0.8396039663607254,Left posteriorcingulate
OASIS3,control_alzheimer,2.301967835071803,0.7947026680144851,Left precentral
OASIS3,control_alzheimer,2.2481616594763274,0.7950243864371547,Left precuneus
OASIS3,control_alzheimer,2.591504642260578,0.9053003891759718,Left rostralanteriorcingulate
OASIS3,control_alzheimer,2.246002942577089,0.7941957168988947,Left rostralmiddlefrontal
OASIS3,control_alzheimer,2.481835283072879,0.7231303777075851,Left superiorfrontal
OASIS3,control_alzheimer,2.0832370794988786,0.8124032029191031,Left superiorparietal
OASIS3,control_alzheimer,2.55062065736001,0.7844658559478842,Left superiortemporal
OASIS3,control_alzheimer,2.3536880367731956,0.7811725538586128,Left supramarginal
OASIS3,control_alzheimer,2.5500549074831733,0.8136515847834807,Left frontalpole
OASIS3,control_alzheimer,3.3910875101140894,0.7558056427692853,Left temporalpole
OASIS3,control_alzheimer,2.1794392533204556,0.9346934590691665,Left transversetemporal
OASIS3,control_alzheimer,2.756969047135314,0.7796072959788368,Left insula
OASIS3,control_alzheimer,2.450701430293324,0.8065709162666613,Right bankssts
OASIS3,control_alzheimer,2.2623646014444265,0.8848610397951596,Right caudalanteriorcingulate
OASIS3,control_alzheimer,2.328173204498834,0.7059174527952998,Right caudalmiddlefrontal
OASIS3,control_alzheimer,1.80582155808722,0.9650022856356819,Right cuneus
OASIS3,control_alzheimer,3.142586346647867,0.7585335823044199,Right entorhinal
OASIS3,control_alzheimer,2.6085609089822994,0.7027898625570466,Right fusiform
OASIS3,control_alzheimer,2.3260357223802286,0.7329715143997619,Right inferiorparietal
OASIS3,control_alzheimer,2.677699385817604,0.720100338684043,Right inferiortemporal
OASIS3,control_alzheimer,2.191798503962324,0.9240620506964337,Right isthmuscingulate
OASIS3,control_alzheimer,2.1287984641069504,0.8670049370885516,Right lateraloccipital
OASIS3,control_alzheimer,2.488359044912136,0.8673184956234182,Right lateralorbitofrontal
OASIS3,control_alzheimer,1.9225046894247364,0.8445911571506637,Right lingual
OASIS3,control_alzheimer,2.2893767426562777,0.8151223729221057,Right medialorbitofrontal
OASIS3,control_alzheimer,2.68289600032838,0.6920847244001068,Right middletemporal
OASIS3,control_alzheimer,2.5582377135692216,0.8920015478547622,Right parahippocampal
OASIS3,control_alzheimer,2.2065862565023058,0.842465263555679,Right paracentral
OASIS3,control_alzheimer,2.404092162034022,0.7685724443400115,Right parsopercularis
OASIS3,control_alzheimer,2.51547409664791,0.8848389138390338,Right parsorbitalis
OASIS3,control_alzheimer,2.271474001096264,0.8435773516033915,Right parstriangularis
OASIS3,control_alzheimer,1.534646461197764,0.8805767781308429,Right pericalcarine
OASIS3,control_alzheimer,1.9280570793596459,0.9259312926174459,Right postcentral
OASIS3,control_alzheimer,2.2810039622216824,0.8671549488981344,Right posteriorcingulate
OASIS3,control_alzheimer,2.2575269644811713,0.8370457146737573,Right precentral
OASIS3,control_alzheimer,2.2498063170783964,0.7765410778694035,Right precuneus
OASIS3,control_alzheimer,2.602546631259654,0.8995632700692847,Right rostralanteriorcingulate
OASIS3,control_alzheimer,2.1954696978168795,0.8277201808721639,Right rostralmiddlefrontal
OASIS3,control_alzheimer,2.464634278180077,0.6970556943044725,Right superiorfrontal
OASIS3,control_alzheimer,2.062036635631032,0.8111472783544772,Right superiorparietal
OASIS3,control_alzheimer,2.565490680813078,0.7961326227020569,Right superiortemporal
OASIS3,control_alzheimer,2.3743188963466415,0.785260857969777,Right supramarginal
OASIS3,control_alzheimer,2.557682100797123,0.9101797147354592,Right frontalpole
OASIS3,control_alzheimer,3.4463598286392747,0.801060892642966,Right temporalpole
OASIS3,control_alzheimer,2.216518314601206,0.867858063574514,Right transversetemporal
OASIS3,control_alzheimer,2.7686474808702757,0.7690458990175356,Right insula
OASIS3,alzheimer,1.986576266402294,0.9299625421012251,Left bankssts
OASIS3,alzheimer,2.2959565302147937,1.0077628547515634,Left caudalanteriorcingulate
OASIS3,alzheimer,2.0601615532922035,0.9166035735436621,Left caudalmiddlefrontal
OASIS3,alzheimer,1.775319352459794,0.9460000328497258,Left cuneus
OASIS3,alzheimer,2.3649715358497456,1.0813759625148032,Left entorhinal
OASIS3,alzheimer,2.0855660160615783,0.9761569153913517,Left fusiform
OASIS3,alzheimer,1.8104321051998402,0.9198979219855392,Left inferiorparietal
OASIS3,alzheimer,2.146909971722109,0.9326995304137868,Left inferiortemporal
OASIS3,alzheimer,1.7695819568593847,1.0308029492174833,Left isthmuscingulate
OASIS3,alzheimer,1.8063887176986542,0.9981912182142738,Left lateraloccipital
OASIS3,alzheimer,2.229106334176525,0.8750707168304207,Left lateralorbitofrontal
OASIS3,alzheimer,1.781326534923966,0.9746253129782455,Left lingual
OASIS3,alzheimer,2.0765128294689847,1.003405750365761,Left medialorbitofrontal
OASIS3,alzheimer,2.0826504336140825,0.9380689835664895,Left middletemporal
OASIS3,alzheimer,2.217233155221633,1.0710692121318408,Left parahippocampal
OASIS3,alzheimer,2.0650208517915827,0.8815723412784865,Left paracentral
OASIS3,alzheimer,2.161148253355286,0.9222253076173565,Left parsopercularis
OASIS3,alzheimer,2.291851585322564,0.8525442730939842,Left parsorbitalis
OASIS3,alzheimer,2.086454953921148,0.953200443908282,Left parstriangularis
OASIS3,alzheimer,1.6549522512059127,0.877856497976952,Left pericalcarine
OASIS3,alzheimer,1.8475681304486147,0.941937466337764,Left postcentral
OASIS3,alzheimer,2.066519687947594,0.9815665443953973,Left posteriorcingulate
OASIS3,alzheimer,2.078107681979929,0.8349391817838092,Left precentral
OASIS3,alzheimer,1.7277491685085926,1.0270238174073365,Left precuneus
OASIS3,alzheimer,2.333269223454106,1.0490936352858375,Left rostralanteriorcingulate
OASIS3,alzheimer,1.9899845147426674,0.8853663518907909,Left rostralmiddlefrontal
OASIS3,alzheimer,2.274385142847886,0.822595618962447,Left superiorfrontal
OASIS3,alzheimer,1.8058923367193298,1.0947915202554483,Left superiorparietal
OASIS3,alzheimer,2.058264549858609,0.9473855524924958,Left superiortemporal
OASIS3,alzheimer,1.94818491677712,0.8570759894038031,Left supramarginal
OASIS3,alzheimer,2.7368984158294962,1.069990430160553,Left frontalpole
OASIS3,alzheimer,3.0473501906350764,0.9445694964551652,Left temporalpole
OASIS3,alzheimer,2.073369222062836,0.9722745805011447,Left transversetemporal
OASIS3,alzheimer,2.5065239457128725,0.8995358915918423,Left insula
OASIS3,alzheimer,1.9777093263649113,1.0186696092989667,Right bankssts
OASIS3,alzheimer,2.2361198224426877,1.059611366718571,Right caudalanteriorcingulate
OASIS3,alzheimer,2.102440220765538,0.7723133394066592,Right caudalmiddlefrontal
OASIS3,alzheimer,1.8351296184265922,1.0191029323395908,Right cuneus
OASIS3,alzheimer,2.409431682328879,1.106764209099946,Right entorhinal
OASIS3,alzheimer,2.0726868990393505,1.061956993041123,Right fusiform
OASIS3,alzheimer,1.7745778704286446,1.0181320669147464,Right inferiorparietal
OASIS3,alzheimer,2.158234090279444,1.0101558853953005,Right inferiortemporal
OASIS3,alzheimer,1.8024625205909253,1.0282771482144872,Right isthmuscingulate
OASIS3,alzheimer,1.8842065951153633,1.060286295511142,Right lateraloccipital
OASIS3,alzheimer,2.3224082051232244,0.7790984743580271,Right lateralorbitofrontal
OASIS3,alzheimer,1.7529352143508625,1.0988750750332865,Right lingual
OASIS3,alzheimer,2.3292503744409734,1.078656414516339,Right medialorbitofrontal
OASIS3,alzheimer,2.0869565965183736,0.9780442777597816,Right middletemporal
OASIS3,alzheimer,2.085758126342227,1.069323775764648,Right parahippocampal
OASIS3,alzheimer,2.089169881285976,0.9270689950654303,Right paracentral
OASIS3,alzheimer,2.1833320616914547,0.7990463436578318,Right parsopercularis
OASIS3,alzheimer,2.371693389142087,0.967094627446211,Right parsorbitalis
OASIS3,alzheimer,2.1756290544967825,0.7682102937570965,Right parstriangularis
OASIS3,alzheimer,1.660053388364749,1.046425831757638,Right pericalcarine
OASIS3,alzheimer,1.7881657450967574,1.0056844644146976,Right postcentral
OASIS3,alzheimer,2.068046674944983,0.9165653339197679,Right posteriorcingulate
OASIS3,alzheimer,2.0801911303084557,0.9334166917295836,Right precentral
OASIS3,alzheimer,1.81071597357735,0.9964847559788511,Right precuneus
OASIS3,alzheimer,2.5574292255709627,0.9364449716126717,Right rostralanteriorcingulate
OASIS3,alzheimer,2.1516464102005837,0.8607910974125534,Right rostralmiddlefrontal
OASIS3,alzheimer,2.31053311202255,0.7639728419604398,Right superiorfrontal
OASIS3,alzheimer,1.828542070184458,1.186049456570301,Right superiorparietal
OASIS3,alzheimer,2.107343086828624,0.9575573720643207,Right superiortemporal
OASIS3,alzheimer,1.8986931340571702,0.9646249630897618,Right supramarginal
OASIS3,alzheimer,2.6810883813743955,1.0354824314420312,Right frontalpole
OASIS3,alzheimer,3.0610488809744774,0.9330611667936853,Right temporalpole
OASIS3,alzheimer,2.0326961701463175,0.9515469933534746,Right transversetemporal
OASIS3,alzheimer,2.427631796860434,0.8793326993983009,Right insula
